Order Id,first_name,last_name,gender,Date,Product,City,Quantity, price 
1,Barrie,Gamage,Male,09-07-2022,Cmore Ice Ski,Ferre√±afe,3, Ä 450.00 
2,Fenelia,Stoppard,Female,11-07-2022,Cmore Ice Ski,DamƒÅvand,2, Ä 450.00 
3,Krystle,Manvelle,Female,24-06-2022,Cmore Ice Ski,Yingzai,1, Ä 450.00 
4,Britt,Zapater,Female,03-07-2022,Cmore Ice Ski,Liren,1, Ä 450.00 
5,Britni,Gear,Female,24-08-2022,Cmore Ice Ski,San Antonio,1, Ä 450.00 
6,Kaylee,Silkstone,Female,12-02-2022,Cmore Ice Ski,Petauke,3, Ä 450.00 
7,Burt,Sidaway,Male,19-01-2022,Cmore Ice Ski,Lixin,1, Ä 450.00 
8,Eleanora,Dollard,Female,13-03-2022,Cmore Ice Ski,Fengmu,1, Ä 450.00 
9,Jillie,Easey,Female,06-11-2021,Cmore Ice Ski,Okinawa,3, Ä 450.00 
10,Connie,Piggrem,Female,14-04-2022,Cmore Ice Ski,Kampungmasjid,2, Ä 450.00 
11,Rheba,Whitland,Female,22-04-2022,Cmore Ice Ski,Bil‚Äòƒ´n,2, Ä 450.00 
12,Gav,Stait,Genderfluid,02-03-2022,Cmore Ice Ski,Marac√°s,1, Ä 450.00 
13,Adrianne,Heinecke,Female,11-04-2022,Cmore Ice Ski,Inowroc≈Çaw,3, Ä 450.00 
14,Avrom,Horley,Male,12-03-2022,Cmore Ice Ski,Ligang,2, Ä 450.00 
15,Denys,Pistol,Male,31-08-2022,Cmore Ice Ski,Tacarigua,1, Ä 450.00 
16,Madelle,Dougan,Female,05-10-2022,Cmore Ice Ski,Wenquan,2, Ä 450.00 
17,Roxie,Riddich,Female,16-01-2022,Cmore Ice Ski,Vilkaviskis,3, Ä 450.00 
18,Pincus,Elvey,Male,19-04-2022,Cmore Ice Ski,Oster,3, Ä 450.00 
19,Zea,Geraldez,Female,07-10-2021,Cmore Ice Ski,Chahe,2, Ä 450.00 
20,Asia,Gibbie,Female,04-03-2022,Cmore Ice Ski,Progreso,1, Ä 450.00 
21,Andrej,Limming,Genderqueer,02-11-2021,Cmore Ice Ski,Dowr-e RabƒÅ≈£,3, Ä 450.00 
22,Audie,Nelius,Female,20-08-2022,Cmore Ice Ski,Chipata,2, Ä 450.00 
23,Sarette,Gwynne,Female,06-02-2022,Cmore Ice Ski,Garhi Khairo,2, Ä 450.00 
24,Konstantine,Hambers,Male,06-05-2022,Cmore Ice Ski,Ringinagung,2, Ä 450.00 
25,Darill,Andren,Male,17-04-2022,Cmore Ice Ski,Mastaiciai,2, Ä 450.00 
26,Pauly,Minshull,Genderqueer,26-05-2022,Cmore Ice Ski,Wiskitki,3, Ä 450.00 
27,Cletis,McInerney,Non-binary,29-05-2022,Cmore Ice Ski,Omƒ´dcheh,1, Ä 450.00 
28,Brenda,Maudett,Female,14-01-2022,Cmore Ice Ski,Cadiz,2, Ä 450.00 
29,Lillis,Whal,Female,08-06-2022,Cmore Ice Ski,Helsingborg,1, Ä 450.00 
30,Tiffie,Ollerearnshaw,Female,09-12-2021,Cmore Ice Ski,Oodweyne,2, Ä 450.00 
31,Suki,Kedge,Female,25-11-2021,Cmore Ice Ski,Zielonka,1, Ä 450.00 
32,Quentin,Smittoune,Female,11-06-2022,Cmore Ice Ski,Kitob,1, Ä 450.00 
33,Chickie,Jeffress,Male,31-10-2021,Cmore Ice Ski,San Agustin,3, Ä 450.00 
34,Ardisj,Mulhill,Genderfluid,25-04-2022,Cmore Ice Ski,Naili,2, Ä 450.00 
35,Trenton,Ropartz,Male,06-04-2022,Cmore Ice Ski,Huayuan,3, Ä 450.00 
36,Brice,Boyda,Male,27-08-2022,Cmore Ice Ski,Paraparaumu,3, Ä 450.00 
37,Hulda,Ridgeway,Female,27-01-2022,Cmore Ice Ski,Jatiwangi,1, Ä 450.00 
38,Garfield,Allbut,Male,30-06-2022,Cmore Ice Ski,Sp√•nga,3, Ä 450.00 
39,Trudi,Wheatley,Female,26-12-2021,Cmore Ice Ski,Trinaterra,3, Ä 450.00 
40,Imelda,Gwinn,Female,30-05-2022,Cmore Ice Ski,Tingsryd,3, Ä 450.00 
41,Collete,Scanlan,Agender,03-04-2022,Cmore Ice Ski,Billa,2, Ä 450.00 
42,Nancy,Dalliwatr,Female,22-04-2022,Cmore Ice Ski,Cengang,1, Ä 450.00 
43,Edeline,Staines,Female,01-05-2022,Cmore Ice Ski,Guadalupe,3, Ä 450.00 
44,Ruth,Rous,Female,08-07-2022,Cmore Ice Ski,Mococa,2, Ä 450.00 
45,Rubia,Guild,Female,05-03-2022,Cmore Ice Ski,Mundri,2, Ä 450.00 
46,Weston,Champ,Male,04-05-2022,Cmore Ice Ski,Pacanga,1, Ä 450.00 
47,Ferdie,Whiskerd,Male,08-10-2021,Cmore Ice Ski,Bongued,3, Ä 450.00 
48,Trudy,Biasi,Female,18-09-2022,Cmore Ice Ski,El Zapotal del Norte,1, Ä 450.00 
49,Orazio,Landes,Bigender,19-10-2021,Cmore Ice Ski,Georgƒ´evka,3, Ä 450.00 
50,Gun,Gounod,Bigender,23-04-2022,Cmore Dragon Rowing Shell,Kirkland Lake,3, Ä 500.00 
51,Wilburt,Featley,Male,04-12-2021,Cmore Dragon Rowing Shell,Dalang,2, Ä 500.00 
52,Loella,Lewer,Female,04-06-2022,Cmore Dragon Rowing Shell,Tiaodeng,2, Ä 500.00 
53,Alix,Trotman,Female,17-01-2022,Cmore Dragon Rowing Shell,Xinhe,2, Ä 500.00 
54,Kassi,Kenna,Female,26-03-2022,Cmore Dragon Rowing Shell,Kuala Terengganu,1, Ä 500.00 
55,Cristobal,D'Andrea,Bigender,06-05-2022,Cmore Dragon Rowing Shell,Brzyska,1, Ä 500.00 
56,Louie,Hurndall,Male,14-07-2022,Cmore Dragon Rowing Shell,Lindavista,3, Ä 500.00 
57,Christen,Ingamells,Female,04-05-2022,Cmore Dragon Rowing Shell,Dashiqiao,2, Ä 500.00 
58,Gabrila,Goodbarr,Female,28-04-2022,Cmore Dragon Rowing Shell,S√£o Gotardo,3, Ä 500.00 
59,Coreen,Thorowgood,Female,20-04-2022,Cmore Dragon Rowing Shell,Uyuni,2, Ä 500.00 
60,Bary,Farrell,Male,12-04-2022,Cmore Dragon Rowing Shell,Yun‚Äôan,3, Ä 500.00 
61,Lidia,Hender,Female,21-12-2021,Cmore Dragon Rowing Shell,Akure,3, Ä 500.00 
62,Bari,Bresner,Female,05-09-2022,Cmore Dragon Rowing Shell,Syki√©s,2, Ä 500.00 
63,Brinna,Nadin,Female,06-04-2022,Cmore Dragon Rowing Shell,Maco,1, Ä 500.00 
64,Reynold,Matiebe,Male,13-02-2022,Cmore Dragon Rowing Shell,Diamantina,1, Ä 500.00 
65,Marie-ann,Hutcheon,Female,29-09-2022,Cmore Dragon Rowing Shell,Kibonsod,3, Ä 500.00 
66,Richart,Benito,Male,30-04-2022,Cmore Dragon Rowing Shell,Almirante,3, Ä 500.00 
67,Livy,Antonsson,Female,25-08-2022,Cmore Dragon Rowing Shell,Zhushan Chengguanzhen,3, Ä 500.00 
68,Lorens,Geck,Male,04-01-2022,Cmore Dragon Rowing Shell,Yongping,1, Ä 500.00 
69,Frasco,Wressell,Male,27-10-2021,Cmore Dragon Rowing Shell,Couto,1, Ä 500.00 
70,Ingelbert,Adger,Male,30-08-2022,Cmore Dragon Rowing Shell,ChilmƒÅri,2, Ä 500.00 
71,Yolane,Asquith,Female,10-03-2022,Cmore Dragon Rowing Shell,Rostock,2, Ä 500.00 
72,Goldarina,Wudeland,Female,25-03-2022,Cmore Dragon Rowing Shell,London,1, Ä 500.00 
73,Manuel,Hawkwood,Male,04-01-2022,Cmore Dragon Rowing Shell,Mor√≥n,3, Ä 500.00 
74,Griffin,Sheran,Male,17-02-2022,Cmore Dragon Rowing Shell,Anle,2, Ä 500.00 
75,Cindra,Dullaghan,Female,28-09-2022,Cmore Dragon Rowing Shell,El Paso,2, Ä 500.00 
76,Trista,Schlagman,Female,02-10-2022,Cmore Dragon Rowing Shell,Olofstr√∂m,1, Ä 500.00 
77,Ab,Metzke,Male,22-07-2022,Cmore Dragon Rowing Shell,Boston,1, Ä 500.00 
78,Morris,Roggerone,Male,19-09-2022,Cmore Dragon Rowing Shell,Bells Corners,1, Ä 500.00 
79,Russ,Gantzer,Male,15-02-2022,Cmore Dragon Rowing Shell,Yulin,3, Ä 500.00 
80,Horatia,Jonah,Female,02-11-2021,Cmore Dragon Rowing Shell,Banjar Banyuning Barat,3, Ä 500.00 
81,Grady,Olenikov,Male,16-09-2022,Cmore Dragon Rowing Shell,Soko,2, Ä 500.00 
82,Evvy,Latehouse,Female,20-04-2022,Cmore Dragon Rowing Shell,Ciguna,2, Ä 500.00 
83,Alexis,Swalwel,Male,14-02-2022,Cmore Dragon Rowing Shell,Osasco,3, Ä 500.00 
84,Elene,Haldane,Female,21-08-2022,Cmore Dragon Rowing Shell,Bintang,2, Ä 500.00 
85,Leah,Kiddy,Female,12-04-2022,Cmore Dragon Rowing Shell,Illintsi,2, Ä 500.00 
86,Arnaldo,Sawrey,Male,04-12-2021,Cmore Dragon Rowing Shell,Donggaocun,1, Ä 500.00 
87,Florian,Gillet,Male,16-06-2022,Cmore Dragon Rowing Shell,Kama,1, Ä 500.00 
88,Lowe,Gerasch,Male,06-10-2021,Cmore Dragon Rowing Shell,Babo-Pangulo,3, Ä 500.00 
89,Jennilee,Stickins,Female,24-02-2022,Cmore Dragon Rowing Shell,Burirao,2, Ä 500.00 
90,Gracie,Londing,Female,07-01-2022,Cmore Dragon Rowing Shell,Ust‚Äô-Kalmanka,2, Ä 500.00 
91,Cloe,Creany,Female,20-04-2022,Cmore Dragon Rowing Shell,Canedo,3, Ä 500.00 
92,Cordy,Weatherhill,Male,14-03-2022,Cmore Dragon Rowing Shell,Chav√£es,3, Ä 500.00 
93,Terrel,Matthewman,Male,31-05-2022,Cmore Dragon Rowing Shell,Thaba Nchu,1, Ä 500.00 
94,Fredrick,Macenzy,Male,26-11-2021,Cmore Dragon Rowing Shell,Tamuning-Tumon-Harmon Village,2, Ä 500.00 
95,Issi,Chatenier,Female,01-03-2022,Cmore Dragon Rowing Shell,Mulhouse,3, Ä 500.00 
96,Moritz,Spolton,Male,26-08-2022,Cmore Dragon Rowing Shell,Hengshui,1, Ä 500.00 
97,Delmar,Counihan,Male,13-11-2021,Cmore Dragon Rowing Shell,Tabaquite,2, Ä 500.00 
98,Wendel,Sellek,Male,27-04-2022,Cmore Dragon Rowing Shell,San Juan,1, Ä 500.00 
99,Errol,Hattiff,Male,01-10-2022,Cmore Dragon Rowing Shell,Xiatang,1, Ä 500.00 
100,Pietrek,Egerton,Male,06-01-2022,Cmore Big Hike Combo,La Breita,3," Ä 1,100.00 "
101,Sonny,De Wolfe,Male,26-01-2022,Cmore Big Hike Combo,Tabiauan,1," Ä 1,100.00 "
102,Francoise,Mamwell,Non-binary,25-07-2022,Cmore Big Hike Combo,Shuikou,3," Ä 1,100.00 "
103,Josephine,Langabeer,Female,16-06-2022,Cmore Big Hike Combo,Weitang,2," Ä 1,100.00 "
104,Clarence,Isenor,Male,17-06-2022,Cmore Big Hike Combo,Botigues,3," Ä 1,100.00 "
105,Adela,Rizzini,Female,01-06-2022,Cmore Big Hike Combo,Fernand√≥polis,3," Ä 1,100.00 "
106,Marabel,Plaxton,Female,13-02-2022,Cmore Big Hike Combo,Jƒ´sh,3," Ä 1,100.00 "
107,Allis,Piche,Female,23-07-2022,Cmore Big Hike Combo,Mƒ´rwƒÅh Gorchani,3," Ä 1,100.00 "
108,Marquita,Harverson,Female,04-11-2021,Cmore Big Hike Combo,Lampihung,3," Ä 1,100.00 "
109,Minta,Bygrove,Female,22-08-2022,Cmore Big Hike Combo,Kharovsk,1," Ä 1,100.00 "
110,Brand,Durnell,Male,15-12-2021,Cmore Big Hike Combo,Rohia,2," Ä 1,100.00 "
111,Zsa zsa,Gieraths,Female,10-04-2022,Cmore Big Hike Combo,Piskivka,3," Ä 1,100.00 "
112,Pamelina,Delacoste,Female,05-03-2022,Cmore Big Hike Combo,Ede,2," Ä 1,100.00 "
113,Nehemiah,Thrower,Male,15-12-2021,Cmore Big Hike Combo,Pregonero,1," Ä 1,100.00 "
114,Hunt,Bollin,Agender,04-03-2022,Cmore Big Hike Combo,Nong Don,3," Ä 1,100.00 "
115,Gay,Cadore,Female,01-01-2022,Cmore Big Hike Combo,Z≈Çoczew,3," Ä 1,100.00 "
116,Levey,Iskower,Male,02-01-2022,Cmore Big Hike Combo,Lƒ´gatne,3," Ä 1,100.00 "
117,Boigie,Glowach,Male,11-02-2022,Cmore Big Hike Combo,Yongle,2," Ä 1,100.00 "
118,Kerstin,Snuggs,Female,07-03-2022,Cmore Big Hike Combo,Hongqiao,1," Ä 1,100.00 "
119,Gisela,Neiland,Female,10-09-2022,Cmore Big Hike Combo,Kuaro,3," Ä 1,100.00 "
120,Selene,Guerrero,Female,01-02-2022,Cmore Big Hike Combo,Vr≈°ac,1," Ä 1,100.00 "
121,Tanney,Jenckes,Agender,13-01-2022,Cmore Big Hike Combo,Salakuray,2," Ä 1,100.00 "
122,Chrotoem,Anders,Male,01-08-2022,Cmore Big Hike Combo,Independencia,1," Ä 1,100.00 "
123,Lorraine,O'Caherny,Non-binary,22-05-2022,Cmore Big Hike Combo,Xiaogang,3," Ä 1,100.00 "
124,Jess,Charters,Male,22-06-2022,Cmore Big Hike Combo,Santa Maria,2," Ä 1,100.00 "
125,Chadd,Kennedy,Male,10-07-2022,Cmore Big Hike Combo,Pueblo Nuevo,3," Ä 1,100.00 "
126,Morton,Gouldthorp,Male,05-02-2022,Cmore Big Hike Combo,Daqingshan,2," Ä 1,100.00 "
127,Gonzales,Scranedge,Male,16-06-2022,Cmore Big Hike Combo,Bom Sucesso,1," Ä 1,100.00 "
128,Grethel,Selesnick,Female,04-04-2022,Cmore Big Hike Combo,Tr√¢u Qu·ª≥,1," Ä 1,100.00 "
129,Aguistin,Simonsson,Bigender,12-09-2022,Cmore Big Hike Combo,Itaquaquecetuba,2," Ä 1,100.00 "
130,Odelle,Northrop,Female,05-03-2022,Cmore Big Hike Combo,Gotemba,2," Ä 1,100.00 "
131,Marven,Guiton,Male,13-06-2022,Cmore Big Hike Combo,Potongan,1," Ä 1,100.00 "
132,Winona,Dain,Female,08-12-2021,Cmore Big Hike Combo,Zhangcheng,2," Ä 1,100.00 "
133,Laura,Beedham,Female,06-12-2021,Cmore Big Hike Combo,Lubukgadang,1," Ä 1,100.00 "
134,Alessandra,Cleghorn,Female,20-09-2022,Cmore Big Hike Combo,Prroshyan,1," Ä 1,100.00 "
135,Nicola,Lillford,Male,02-08-2022,Cmore Big Hike Combo,Woodstock,1," Ä 1,100.00 "
136,Vasily,Danielian,Male,15-12-2021,Cmore Big Hike Combo,Palencia,3," Ä 1,100.00 "
137,Sander,Fennelly,Male,02-09-2022,Cmore Big Hike Combo,Magadan,1," Ä 1,100.00 "
138,Eimile,Moyler,Female,11-12-2021,Cmore Big Hike Combo,Vilela,1," Ä 1,100.00 "
139,Jorgan,Jest,Male,27-02-2022,Cmore Big Hike Combo,Trelleborg,3," Ä 1,100.00 "
140,Thomasa,Pennycord,Female,12-07-2022,Cmore Big Hike Combo,Campelos,3," Ä 1,100.00 "
141,Ralina,Magrane,Female,07-06-2022,Cmore Big Hike Combo,Taivalkoski,2," Ä 1,100.00 "
142,Robena,Nellies,Female,09-04-2022,Cmore Big Hike Combo,Lalukoen Dua,1," Ä 1,100.00 "
143,Laurie,Lemonby,Male,07-03-2022,Cmore Big Hike Combo,Banda Layung,2," Ä 1,100.00 "
144,Merv,Shobrook,Male,20-12-2021,Cmore Big Hike Combo,Toulouse,2," Ä 1,100.00 "
145,Yank,Bestman,Male,01-02-2022,Cmore Big Hike Combo,Qu·ªëc Oai,3," Ä 1,100.00 "
146,Elladine,Draude,Female,07-11-2021,Cmore Big Hike Combo,Sanhe,1," Ä 1,100.00 "
147,Hal,Lill,Male,04-12-2021,Cmore Big Hike Combo,Ambulong,2," Ä 1,100.00 "
148,Berkeley,Momford,Genderqueer,03-04-2022,Cmore Big Hike Combo,Lagoa Vermelha,2," Ä 1,100.00 "
149,Bobbee,Mulran,Female,17-01-2022,Cmore Big Hike Combo,Zhvanets,3," Ä 1,100.00 "
150,Loleta,Jozwik,Female,28-11-2021,Cmore Big Hike Combo,Guanh√£es,1," Ä 1,100.00 "
151,Horacio,Gheorghie,Male,01-10-2022,Cmore Water Diver,Babat,2," Ä 1,200.00 "
152,Manya,Linsey,Female,26-07-2022,Cmore Water Diver,Nigr√≠ta,3," Ä 1,200.00 "
153,Franchot,Beekman,Male,30-08-2022,Cmore Water Diver,Jatake,2," Ä 1,200.00 "
154,Morton,Toopin,Male,10-07-2022,Cmore Water Diver,Queimados,2," Ä 1,200.00 "
155,Rourke,Beardsley,Male,13-05-2022,Cmore Water Diver,Magisterial,1," Ä 1,200.00 "
156,Marne,Murricanes,Female,22-11-2021,Cmore Water Diver,Kishk-e Nakh≈´d,2," Ä 1,200.00 "
157,Lalo,Gibbard,Male,05-02-2022,Cmore Water Diver,Piedade,2," Ä 1,200.00 "
158,Ludvig,Habishaw,Male,14-09-2022,Cmore Water Diver,Aco,2," Ä 1,200.00 "
159,Pearce,Haws,Male,04-02-2022,Cmore Water Diver,Kasreman Wetan,3," Ä 1,200.00 "
160,Seamus,Harroway,Male,19-05-2022,Cmore Water Diver,Pog√≥rze,1," Ä 1,200.00 "
161,Marney,Sirmond,Female,20-07-2022,Cmore Water Diver,Nkhotakota,1," Ä 1,200.00 "
162,Darrell,Tirone,Male,17-09-2022,Cmore Water Diver,Mar‚Äô‚Äôina Horka,1," Ä 1,200.00 "
163,Archambault,Cannon,Male,13-11-2021,Cmore Water Diver,Preko,3," Ä 1,200.00 "
164,Nickie,Grzegorek,Male,19-05-2022,Cmore Water Diver,Jata√≠,1," Ä 1,200.00 "
165,Willis,Kirkup,Male,18-05-2022,Cmore Water Diver,La Falda,1," Ä 1,200.00 "
166,Barnett,Reubbens,Male,25-05-2022,Cmore Water Diver,Jiangwan,3," Ä 1,200.00 "
167,Garry,Antonazzi,Male,18-06-2022,Cmore Water Diver,Amieirinha,3," Ä 1,200.00 "
168,Gil,Michelin,Male,30-08-2022,Cmore Water Diver,Bela Vista,2," Ä 1,200.00 "
169,Herb,Bonafacino,Male,09-04-2022,Cmore Water Diver,Longjie,1," Ä 1,200.00 "
170,Abbe,Cranston,Polygender,19-04-2022,Cmore Water Diver,Aco,3," Ä 1,200.00 "
171,Pammy,McAlpin,Female,02-07-2022,Cmore Water Diver,Guimar√£es,3," Ä 1,200.00 "
172,Antons,Woodroof,Male,27-03-2022,Cmore Water Diver,Aiximan,3," Ä 1,200.00 "
173,Lance,Bassano,Male,07-12-2021,Cmore Water Diver,Bayog,2," Ä 1,200.00 "
174,Porter,Beebe,Male,13-06-2022,Cmore Water Diver,Chone,2," Ä 1,200.00 "
175,Sarita,Charon,Female,15-08-2022,Cmore Water Diver,Cahab√≥n,2," Ä 1,200.00 "
176,Reynard,Reddington,Male,12-06-2022,Cmore Water Diver,Igreja,3," Ä 1,200.00 "
177,Danika,Thoms,Female,16-06-2022,Cmore Water Diver,Minien East,3," Ä 1,200.00 "
178,Egor,Chieze,Male,27-09-2022,Cmore Water Diver,Winton,3," Ä 1,200.00 "
179,Marthena,Benit,Female,09-09-2022,Cmore Water Diver,Liangdang Chengguanzhen,3," Ä 1,200.00 "
180,Emlynne,Cronchey,Female,16-07-2022,Cmore Water Diver,Glasgow,1," Ä 1,200.00 "
181,Laura,Chate,Female,26-01-2022,Cmore Water Diver,Miami,1," Ä 1,200.00 "
182,Garvey,Fairbourne,Male,22-10-2021,Cmore Water Diver,Aparecida,1," Ä 1,200.00 "
183,Zarla,Brookesbie,Female,10-11-2021,Cmore Water Diver,Ti·ªÅn H·∫£i,1," Ä 1,200.00 "
184,Mahala,Ellwand,Female,09-11-2021,Cmore Water Diver,Rakiv Lis,1," Ä 1,200.00 "
185,Eugene,Sugge,Male,28-05-2022,Cmore Water Diver,Taipa,1," Ä 1,200.00 "
186,Hector,Suttaby,Male,15-08-2022,Cmore Water Diver,Longbei,3," Ä 1,200.00 "
187,Andromache,Hoggetts,Female,19-08-2022,Cmore Water Diver,Prioso Barat,3," Ä 1,200.00 "
188,Anallese,Athow,Female,18-10-2021,Cmore Water Diver,Caikouji,3," Ä 1,200.00 "
189,Hewitt,Timothy,Male,04-04-2022,Cmore Water Diver,Independencia,2," Ä 1,200.00 "
190,Caitrin,Bawcock,Female,05-01-2022,Cmore Water Diver,Gornji Milanovac,3," Ä 1,200.00 "
191,Winne,Baltzar,Non-binary,04-07-2022,Cmore Water Diver,Mernek,2," Ä 1,200.00 "
192,Desiree,Levermore,Female,08-01-2022,Cmore Water Diver,Nijmegen,2," Ä 1,200.00 "
193,Marshall,Terne,Male,09-09-2022,Cmore Water Diver,Kabakovo,2," Ä 1,200.00 "
194,Shadow,Sewell,Male,29-08-2022,Cmore Water Diver,Xingtan,1," Ä 1,200.00 "
195,Rafi,Rivallant,Male,29-04-2022,Cmore Water Diver,Khlong Sam Wa,2," Ä 1,200.00 "
196,Merrile,Pirrone,Female,19-05-2022,Cmore Water Diver,Huanshan,3," Ä 1,200.00 "
197,Belva,Andreini,Female,07-08-2022,Cmore Water Diver,Rumat Heib,1," Ä 1,200.00 "
198,Hynda,Swinbourne,Female,02-03-2022,Cmore Water Diver,Yanzhou,1," Ä 1,200.00 "
199,Engracia,Ardley,Female,04-07-2022,Solar Power Bank,Santo Ni√±o,3, Ä 250.00 
200,Melinde,Leall,Female,17-02-2022,Solar Power Bank,Clarin,3, Ä 250.00 
201,Arliene,Machin,Female,17-09-2022,Solar Power Bank,Churovichi,1, Ä 250.00 
202,Antons,Hearthfield,Male,19-11-2021,Solar Power Bank,Cerro Colorado,1, Ä 250.00 
203,Jo-anne,Batrip,Female,31-12-2021,Solar Power Bank,Paulista,2, Ä 250.00 
204,Saundra,Ainsley,Female,28-02-2022,Solar Power Bank,Li√™n Chi·ªÉu,2, Ä 250.00 
205,Kaine,Ratnage,Male,03-06-2022,Solar Power Bank,Wasogolo,1, Ä 250.00 
206,Grissel,Wilton,Genderqueer,12-11-2021,Solar Power Bank,Kurumoch,1, Ä 250.00 
207,Desmond,McCurtin,Male,24-04-2022,Solar Power Bank,Sam Chuk,2, Ä 250.00 
208,Waylan,Lobb,Male,18-05-2022,Solar Power Bank,Balangonan,1, Ä 250.00 
209,Joell,Nevitt,Female,28-11-2021,Solar Power Bank,R√≠o Segundo,3, Ä 250.00 
210,Woodie,Fawdrey,Male,22-12-2021,Solar Power Bank,Balitai,2, Ä 250.00 
211,Moreen,Lagne,Female,27-12-2021,Solar Power Bank,Pazin,3, Ä 250.00 
212,Hermy,Conkling,Genderfluid,19-01-2022,Solar Power Bank,Yuyangguan,3, Ä 250.00 
213,Maurizia,Jindrich,Female,25-12-2021,Solar Power Bank,Agudos,1, Ä 250.00 
214,Donella,Chinn,Female,10-04-2022,Solar Power Bank,S√£o Joaquim da Barra,2, Ä 250.00 
215,Urbanus,Flannigan,Male,28-01-2022,Solar Power Bank,Qianhong,3, Ä 250.00 
216,Gaelan,Byram,Male,23-10-2021,Solar Power Bank,Aoshi,2, Ä 250.00 
217,Georgiana,Reijmers,Female,25-08-2022,Solar Power Bank,Qiandian,1, Ä 250.00 
218,Delmer,Pawlata,Male,12-07-2022,Solar Power Bank,Pilcomay,3, Ä 250.00 
219,Quinton,Clougher,Male,09-07-2022,Solar Power Bank,Bo√©,2, Ä 250.00 
220,Adriana,Hindsberg,Female,02-07-2022,Solar Power Bank,Arzakan,2, Ä 250.00 
221,Marcela,Duffan,Female,14-06-2022,Solar Power Bank,Ituiutaba,3, Ä 250.00 
222,Brose,Del Dello,Male,07-01-2022,Solar Power Bank,Vetlanda,2, Ä 250.00 
223,Ella,Southcombe,Female,06-11-2021,Solar Power Bank,Sviblovo,1, Ä 250.00 
224,Brockie,Leyshon,Male,22-09-2022,Solar Power Bank,Angoram,1, Ä 250.00 
225,Abba,Sewards,Genderfluid,27-09-2022,Solar Power Bank,Akhmƒ´m,2, Ä 250.00 
226,Dalton,Chaffey,Male,19-08-2022,Solar Power Bank,Uji,1, Ä 250.00 
227,Westbrooke,Nestle,Male,30-04-2022,Solar Power Bank,Chapelton,2, Ä 250.00 
228,Nanni,Lidgley,Female,07-07-2022,Solar Power Bank,Hondo Valle,2, Ä 250.00 
229,Yorgos,Sollas,Male,23-09-2022,Solar Power Bank,Malandag,2, Ä 250.00 
230,Thorn,Dufaire,Male,05-07-2022,Solar Power Bank,BaghlƒÅn,1, Ä 250.00 
231,Kerk,Heinschke,Male,29-09-2022,Solar Power Bank,Wo≈Çomin,1, Ä 250.00 
232,Meg,Dundendale,Female,11-02-2022,Solar Power Bank,Gaofeng,2, Ä 250.00 
233,Shamus,Hutsby,Male,22-06-2022,Solar Power Bank,Kedian,2, Ä 250.00 
234,Juliann,Prothero,Female,08-07-2022,Solar Power Bank,Nakhon Chai Si,1, Ä 250.00 
235,Nicolle,Glashby,Female,21-10-2021,Solar Power Bank,Nijmegen,2, Ä 250.00 
236,Phil,Holah,Male,04-06-2022,Solar Power Bank,Lat Lum Kaeo,3, Ä 250.00 
237,Fanchon,Galilee,Female,23-01-2022,Solar Power Bank,Richky,3, Ä 250.00 
238,Averyl,Livock,Female,11-10-2021,Solar Power Bank,Kut Rang,3, Ä 250.00 
239,Calypso,Sirman,Agender,05-12-2021,Solar Power Bank,Badrah,1, Ä 250.00 
240,Elizabet,Phillput,Female,05-04-2022,Solar Power Bank,√Åguia Branca,2, Ä 250.00 
241,Sib,Critchell,Female,11-06-2022,Solar Power Bank,Acul du Nord,1, Ä 250.00 
242,Bearnard,Raymen,Male,17-05-2022,Solar Power Bank,Leran Kulon,1, Ä 250.00 
243,Helaina,Lacknor,Female,23-03-2022,Solar Power Bank,Alikalia,3, Ä 250.00 
244,Alie,Cantero,Genderqueer,31-08-2022,Solar Power Bank,Tambakrejo,3, Ä 250.00 
245,Robin,Paddon,Male,15-06-2022,Solar Power Bank,≈ªyrard√≥w,1, Ä 250.00 
246,Herby,Gerin,Male,12-02-2022,Solar Power Bank,Telgawah,2, Ä 250.00 
247,Bartel,MacPherson,Male,09-06-2022,Solar Power Bank,Victoria,1, Ä 250.00 
248,Philip,Pyner,Male,27-07-2022,Solar Power Bank,San-P√©dro,1, Ä 250.00 
249,Reinaldos,Klimke,Male,07-07-2022,Solar Power Bank,Cumadcad,1, Ä 250.00 
250,Shari,Overland,Bigender,18-10-2021,Solar Power Bank,Sarmanovo,2, Ä 250.00 
251,Sumner,Rate,Male,05-07-2022,Solar Power Bank,Volkhovskiy,1, Ä 250.00 
252,Felicio,Sanney,Male,05-12-2021,Solar Power Bank,Wootton,2, Ä 250.00 
253,Lisabeth,Reeders,Female,19-10-2021,Solar Power Bank,Lebak,2, Ä 250.00 
254,Wally,Mee,Male,10-05-2022,Solar Power Bank,Kujung,3, Ä 250.00 
255,Ron,Selkirk,Male,05-05-2022,Solar Power Bank,Pudoc North,3, Ä 250.00 
256,Vannie,Trahmel,Female,02-11-2021,Solar Power Bank,Zhaobaoshan,3, Ä 250.00 
257,Maribeth,Dulwich,Genderqueer,14-11-2021,Solar Power Bank,Sollefte√•,1, Ä 250.00 
258,Sampson,Skitch,Male,23-05-2022,Solar Power Bank,Mina de S√£o Domingos,3, Ä 250.00 
259,Mead,Sollowaye,Male,12-11-2021,Solar Power Bank,Labuhanlalar,1, Ä 250.00 
260,Elsworth,Diperaus,Polygender,31-01-2022,Solar Power Bank,Tabouda,2, Ä 250.00 
261,Euphemia,Neaverson,Female,03-01-2022,Solar Power Bank,Zheleznogorsk-Ilimskiy,3, Ä 250.00 
262,Layney,Argile,Female,30-04-2022,Solar Power Bank,Nice,3, Ä 250.00 
263,Donaugh,Alebrooke,Male,14-02-2022,Solar Power Bank,Timbulsari,3, Ä 250.00 
264,Benoit,Ambler,Male,20-11-2021,Solar Power Bank,Tolbazy,1, Ä 250.00 
265,Corny,Segrave,Male,09-08-2022,Solar Power Bank,Mendoza,2, Ä 250.00 
266,Bord,Kall,Male,01-09-2022,Solar Power Bank,Oetua,1, Ä 250.00 
267,Ruthe,Perrie,Female,20-10-2021,Solar Power Bank,Lesuhe,3, Ä 250.00 
268,Ruby,Tilford,Female,08-04-2022,Solar Power Bank,Krolevets‚Äô,3, Ä 250.00 
269,Hyacintha,Barnett,Female,05-04-2022,Solar Power Bank,Saint Louis,1, Ä 250.00 
270,Brynne,O'Callaghan,Female,13-03-2022,Solar Power Bank,Castlepollard,1, Ä 250.00 
271,Leonanie,Loughran,Female,30-08-2022,Solar Power Bank,Irasan,3, Ä 250.00 
272,Kenny,Vial,Male,10-02-2022,Solar Power Bank,Jinji,1, Ä 250.00 
273,Avrit,Flement,Female,07-07-2022,Solar Power Bank,Vala≈°sk√° Byst≈ôice,3, Ä 250.00 
274,Marsha,Spillard,Female,17-05-2022,Solar Power Bank,Bajiazi,1, Ä 250.00 
275,Pedro,Pruvost,Male,01-10-2022,Solar Power Bank,Fengyang Fuchengzhen,1, Ä 250.00 
276,Adelice,Beeton,Female,18-10-2021,Solar Power Bank,Longhu,1, Ä 250.00 
277,Porter,Schruyers,Male,16-04-2022,Solar Power Bank,Irec√™,3, Ä 250.00 
278,Nikolia,Ells,Female,10-05-2022,Solar Power Bank,Ku≈∫nia Raciborska,3, Ä 250.00 
279,Constantia,Darragon,Female,22-06-2022,Solar Power Bank,Yuchi,1, Ä 250.00 
280,Aurore,Weeks,Female,20-09-2022,Solar Power Bank,F√≥meque,3, Ä 250.00 
281,Andrey,Chastan,Male,28-09-2022,Solar Power Bank,Skellefte√•,1, Ä 250.00 
282,Hew,Note,Male,25-09-2022,Solar Power Bank,Tr≈°iƒá,1, Ä 250.00 
283,Ellis,Youel,Male,18-11-2021,Solar Power Bank,Rimbo,2, Ä 250.00 
284,Sherwin,Reubel,Male,04-04-2022,Solar Power Bank,Campinas,1, Ä 250.00 
285,Margret,Crux,Female,30-12-2021,Solar Power Bank,Louredo,2, Ä 250.00 
286,Hi,McLugish,Male,01-02-2022,Solar Power Bank,El Cobre,3, Ä 250.00 
287,Brigid,Mogridge,Female,29-12-2021,Solar Power Bank,Micha≈Ç√≥w-Regin√≥w,1, Ä 250.00 
288,Ollie,Tockell,Female,24-10-2021,Solar Power Bank,Z√°kupy,3, Ä 250.00 
289,Blondie,Mollison,Female,14-04-2022,Solar Power Bank,P√¥sto Fiscal Rolim de Moura,2, Ä 250.00 
290,Welsh,Flay,Male,27-02-2022,Solar Power Bank,Rzg√≥w,1, Ä 250.00 
291,Aimee,Riccard,Female,09-06-2022,Solar Power Bank,Gj√∏vik,3, Ä 250.00 
292,Annmarie,Facer,Female,21-08-2022,Solar Power Bank,≈ªyrard√≥w,2, Ä 250.00 
293,Mei,Ruxton,Female,27-02-2022,Solar Power Bank,Otoka,2, Ä 250.00 
294,Inessa,Zeale,Female,02-02-2022,Solar Power Bank,Thap Khlo,3, Ä 250.00 
295,Rufus,Barlie,Male,31-07-2022,Solar Power Bank,Tianyuan,1, Ä 250.00 
296,Chantal,Gringley,Female,22-09-2022,Solar Power Bank,Tarbes,2, Ä 250.00 
297,Kingsley,Ferrea,Polygender,10-08-2022,Solar Power Bank,Lom Kao,1, Ä 250.00 
298,Leora,Clutton,Female,02-12-2021,Solar Power Bank,N√©a Ion√≠a,2, Ä 250.00 
299,Nyssa,Wallbrook,Female,20-03-2022,Solar Power Bank,Almelo,2, Ä 250.00 
300,Rodolphe,Doiley,Male,20-07-2022,Cmore Bagpack,Muting,3, Ä 135.00 
301,Abby,Thowes,Female,25-12-2021,Cmore Bagpack,Wilga,3, Ä 135.00 
302,Augustin,Trustrie,Male,06-03-2022,Cmore Bagpack,Punat,3, Ä 135.00 
303,Shawn,Fiorentino,Male,16-01-2022,Cmore Bagpack,Liulihe,2, Ä 135.00 
304,Vale,Raymen,Male,19-05-2022,Cmore Bagpack,Sozopol,2, Ä 135.00 
305,Vanya,Doward,Female,27-08-2022,Cmore Bagpack,Tsovazard,1, Ä 135.00 
306,Andrej,Walthall,Male,15-10-2021,Cmore Bagpack,Heerlen,1, Ä 135.00 
307,Chaunce,Hillett,Male,19-02-2022,Cmore Bagpack,Imsil,2, Ä 135.00 
308,Jeanna,Laste,Female,15-03-2022,Cmore Bagpack,Fangcun,3, Ä 135.00 
309,Tommie,Marquese,Male,16-12-2021,Cmore Bagpack,Tottori,3, Ä 135.00 
310,Salmon,Macveigh,Agender,16-02-2022,Cmore Bagpack,Pnikut,1, Ä 135.00 
311,Bettye,Menichini,Female,12-01-2022,Cmore Bagpack,Navashino,1, Ä 135.00 
312,Gilligan,Rennles,Female,28-01-2022,Cmore Bagpack,Nova Petr√≥polis,2, Ä 135.00 
313,Pembroke,Sheaf,Male,19-10-2021,Cmore Bagpack,Drochia,2, Ä 135.00 
314,Guglielma,Brittian,Female,28-05-2022,Cmore Bagpack,Hougang,2, Ä 135.00 
315,Caralie,Dumbrall,Female,04-04-2022,Cmore Bagpack,Rodniki,3, Ä 135.00 
316,Dexter,Neate,Male,23-01-2022,Cmore Bagpack,Malimaneek,1, Ä 135.00 
317,Sutherland,Guidone,Male,17-06-2022,Cmore Bagpack,La Virginia,1, Ä 135.00 
318,Brade,Kleinplatz,Male,10-10-2021,Cmore Bagpack,Makarska,3, Ä 135.00 
319,Sheffield,Attwell,Male,29-08-2022,Cmore Bagpack,Tamano,3, Ä 135.00 
320,Dinny,Klaggeman,Female,30-01-2022,Cmore Bagpack,Rimpeso,3, Ä 135.00 
321,Granville,Sharplin,Male,13-05-2022,Cmore Bagpack,Zhifudao,3, Ä 135.00 
322,Giusto,Hay,Male,02-12-2021,Cmore Bagpack,Tyres√∂,2, Ä 135.00 
323,Merill,Sacchetti,Male,14-05-2022,Cmore Bagpack,Rochester,3, Ä 135.00 
324,Griffie,Fearnehough,Agender,05-03-2022,Cmore Bagpack,Calebasses,1, Ä 135.00 
325,Gretel,Petrishchev,Female,06-12-2021,Cmore Bagpack,Sila,2, Ä 135.00 
326,Cliff,Marcoolyn,Male,09-08-2022,Cmore Bagpack,Taiping,1, Ä 135.00 
327,Slade,Causey,Male,15-06-2022,Cmore Bagpack,Nowe Skalmierzyce,2, Ä 135.00 
328,Bertrand,Savin,Male,06-02-2022,Cmore Bagpack,Strenƒçi,2, Ä 135.00 
329,Vonni,Fantini,Female,21-08-2022,Cmore Bagpack,√âvry,3, Ä 135.00 
330,Neil,Wellan,Male,03-07-2022,Cmore Bagpack,Panawuan,2, Ä 135.00 
331,Mackenzie,Varnam,Male,01-02-2022,Cmore Bagpack,Paris 12,3, Ä 135.00 
332,Hinze,Spridgeon,Male,02-03-2022,Cmore Bagpack,Miharu,2, Ä 135.00 
333,Daisie,Beine,Female,15-03-2022,Cmore Bagpack,Cha‚Äôanpu,2, Ä 135.00 
334,Berke,Streatfeild,Male,08-05-2022,Cmore Bagpack,Sumberagung,3, Ä 135.00 
335,Dacia,Chiverton,Female,10-08-2022,Cmore Bagpack,Maguan,2, Ä 135.00 
336,Brit,Forrestor,Female,01-07-2022,Cmore Bagpack,Santa Rita Aplaya,1, Ä 135.00 
337,Karie,Rego,Female,22-08-2022,Cmore Bagpack,Vidnoye,1, Ä 135.00 
338,Ailene,Jerrom,Female,23-07-2022,Cmore Bagpack,Ogawa,3, Ä 135.00 
339,Dori,Reyner,Female,08-02-2022,Cmore Bagpack,Sokolnice,2, Ä 135.00 
340,Nial,Rusling,Male,14-12-2021,Cmore Bagpack,Dimovo,1, Ä 135.00 
341,Klement,Skally,Male,20-11-2021,Cmore Bagpack,Bethlehem,3, Ä 135.00 
342,Analiese,Benfield,Female,01-11-2021,Cmore Bagpack,Kapshagay,1, Ä 135.00 
343,Erin,Greenard,Female,25-02-2022,Cmore Bagpack,Sis≈èph≈èn,1, Ä 135.00 
344,Ferguson,Oates,Male,09-12-2021,Cmore Bagpack,Rive-de-Gier,1, Ä 135.00 
345,Channa,Offell,Female,05-09-2022,Cmore Bagpack,Desnogorsk,1, Ä 135.00 
346,Kori,Deguara,Female,01-02-2022,Cmore Bagpack,Obsharovka,1, Ä 135.00 
347,Neron,Bwy,Male,21-07-2022,Cmore Bagpack,Don Mueang,1, Ä 135.00 
348,Edeline,Beames,Female,20-07-2022,Cmore Bagpack,Narathiwat,1, Ä 135.00 
349,Mina,Chamberlayne,Female,20-04-2022,Cmore Bagpack,As Sab‚Äò BiyƒÅr,3, Ä 135.00 
350,Jami,Jamrowicz,Female,14-01-2022,Smart Tent,Kadukandel,3, Ä 170.00 
351,Arlee,Hargie,Non-binary,25-03-2022,Smart Tent,Natarleba,1, Ä 170.00 
352,Ramona,Potebury,Female,23-12-2021,Smart Tent,South River,1, Ä 170.00 
353,Paxon,Souttar,Genderfluid,27-07-2022,Smart Tent,Mojim√°n,1, Ä 170.00 
354,Dom,Bandy,Male,13-07-2022,Smart Tent,Ludwin,3, Ä 170.00 
355,Ayn,Close,Female,27-01-2022,Smart Tent,Izra‚Äò,2, Ä 170.00 
356,Phaidra,Kilner,Female,09-11-2021,Smart Tent,Wangjiang,3, Ä 170.00 
357,Joni,Boddington,Female,06-05-2022,Smart Tent,Datarkadu,2, Ä 170.00 
358,Laure,Harfoot,Female,20-05-2022,Smart Tent,Micha≈Çowice,2, Ä 170.00 
359,Burlie,Poone,Male,05-01-2022,Smart Tent,Chimichagua,3, Ä 170.00 
360,Mareah,Foden,Female,01-05-2022,Smart Tent,Lab√©,3, Ä 170.00 
361,Huntington,Roycraft,Male,01-05-2022,Smart Tent,Esplanada,1, Ä 170.00 
362,Pet,Van Arsdall,Female,01-05-2022,Smart Tent,Duyang,1, Ä 170.00 
363,Michal,de la Valette Parisot,Male,20-01-2022,Smart Tent,Tiemen,2, Ä 170.00 
364,Cathlene,Ding,Female,14-02-2022,Smart Tent,Shangma,1, Ä 170.00 
365,Melisandra,Derby,Female,26-10-2021,Smart Tent,Ponta Por√£,3, Ä 170.00 
366,Lana,Island,Female,01-05-2022,Smart Tent,Nangakeo,2, Ä 170.00 
367,Cherlyn,Wrigley,Female,18-12-2021,Smart Tent,Taoudenni,1, Ä 170.00 
368,Pier,Dudenie,Female,15-07-2022,Smart Tent,Haninge,3, Ä 170.00 
369,Stoddard,Wainwright,Female,27-09-2022,Smart Tent,Sa P√°,1, Ä 170.00 
370,Delainey,Dell Casa,Male,12-02-2022,Smart Tent,≈Åƒôki Szlacheckie,1, Ä 170.00 
371,Juditha,Bedberry,Female,08-03-2022,Smart Tent,Neikeng,1, Ä 170.00 
372,Ximenes,Wisniowski,Male,11-10-2021,Smart Tent,Gaotuan,3, Ä 170.00 
373,Alvira,Abbis,Female,17-02-2022,Smart Tent,Kruengraya,1, Ä 170.00 
374,Tessie,Shepeard,Female,28-02-2022,Smart Tent,Grojec,1, Ä 170.00 
375,Wilmette,Garnam,Agender,15-02-2022,Smart Tent,Itaquyry,2, Ä 170.00 
376,Iggy,Bramwich,Male,28-02-2022,Smart Tent,Cruces de Anor√≠,3, Ä 170.00 
377,Waylen,Sturm,Male,02-06-2022,Smart Tent,Mariefred,3, Ä 170.00 
378,Lazare,Mullender,Male,11-03-2022,Smart Tent,Dschang,3, Ä 170.00 
379,Raquel,Gavrieli,Female,27-08-2022,Smart Tent,Komb√´si,2, Ä 170.00 
380,Frans,Challiss,Male,01-02-2022,Smart Tent,Mranggen,3, Ä 170.00 
381,Leonerd,Laraway,Polygender,24-07-2022,Smart Tent,Robƒ´t,1, Ä 170.00 
382,Sol,Sneesby,Male,12-11-2021,Smart Tent,Hav√≠≈ôov,3, Ä 170.00 
383,Cristy,Sullens,Female,11-10-2021,Smart Tent,Oqtosh,2, Ä 170.00 
384,Tait,Spohr,Male,25-01-2022,Smart Tent,Hongyang,1, Ä 170.00 
385,Emelen,Huitson,Male,01-03-2022,Smart Tent,Xinqiao,1, Ä 170.00 
386,Devy,Ruffle,Male,02-01-2022,Smart Tent,San Bernardino,1, Ä 170.00 
387,Mela,Bittleson,Female,21-01-2022,Smart Tent,Ampelgading,1, Ä 170.00 
388,Cly,Aughtie,Genderfluid,17-03-2022,Smart Tent,Boƒçar,2, Ä 170.00 
389,Aliza,Kaygill,Female,13-06-2022,Smart Tent,San Jos√© de Colinas,3, Ä 170.00 
390,Maddy,Seleway,Female,10-11-2021,Smart Tent,Xiushi,1, Ä 170.00 
391,Marji,Gadson,Female,26-07-2022,Smart Tent,Shihudang,1, Ä 170.00 
392,Trenna,Doeg,Female,09-03-2022,Smart Tent,Takaishi,1, Ä 170.00 
393,Eb,Durran,Male,30-12-2021,Smart Tent,Terenozek,2, Ä 170.00 
394,Wilfrid,Sidary,Male,19-10-2021,Smart Tent,Kar√°toulas,1, Ä 170.00 
395,Meryl,Paice,Female,05-04-2022,Smart Tent,Yutou,1, Ä 170.00 
396,Jobyna,O'Mullaney,Female,16-02-2022,Smart Tent,Zhangcaizhuang,1, Ä 170.00 
397,Guglielmo,McKirdy,Male,21-01-2022,Smart Tent,Malibong East,3, Ä 170.00 
398,Salaidh,Milliere,Female,19-07-2022,Smart Tent,Kamirenjaku,2, Ä 170.00 
399,Bellina,Haney,Female,27-09-2022,Smart Tent,Wangzuo,2, Ä 170.00 
400,Kory,Kavanagh,Male,21-10-2021,Cmore Knife,Kaduranca,1, Ä 50.00 
401,Hayden,Rheam,Male,21-10-2021,Cmore Knife,Dungloe,3, Ä 50.00 
402,Flor,O'Beirne,Female,21-05-2022,Cmore Knife,Lajeosa do Mondego,1, Ä 50.00 
403,Perry,Stinchcombe,Female,15-09-2022,Cmore Knife,Ng√¥ ƒê·ªìng,1, Ä 50.00 
404,Zebulen,Philipart,Male,28-12-2021,Cmore Knife,Zhangjiahe,2, Ä 50.00 
405,Tedman,Scarisbrick,Male,06-09-2022,Cmore Knife,Shanmu,2, Ä 50.00 
406,Erie,Adair,Polygender,02-07-2022,Cmore Knife,Agbannawag,2, Ä 50.00 
407,Annalise,Wallenger,Female,13-06-2022,Cmore Knife,Esil,2, Ä 50.00 
408,Randi,Mityashin,Female,08-07-2022,Cmore Knife,Clonskeagh,1, Ä 50.00 
409,Cristionna,Agron,Female,30-08-2022,Cmore Knife,Maubasa,1, Ä 50.00 
410,Quincey,Jambrozek,Male,30-12-2021,Cmore Knife,Emiliano Zapata,2, Ä 50.00 
411,Buffy,Garrelts,Female,03-07-2022,Cmore Knife,Dongting,2, Ä 50.00 
412,Jelene,Tatem,Female,04-01-2022,Cmore Knife,Hanting,3, Ä 50.00 
413,Reinaldo,McRinn,Genderfluid,27-07-2022,Cmore Knife,Bayt ‚ÄòAwwƒÅ,2, Ä 50.00 
414,Odelle,Fosdike,Female,29-03-2022,Cmore Knife,Ajaccio,3, Ä 50.00 
415,Shamus,Roxbrough,Genderqueer,25-07-2022,Cmore Knife,Kozhva,2, Ä 50.00 
416,Janette,Danzey,Female,09-12-2021,Cmore Knife,Uenohara,2, Ä 50.00 
417,Gwenneth,Sudron,Female,18-02-2022,Cmore Knife,Larache,1, Ä 50.00 
418,Efrem,Reichhardt,Male,22-09-2022,Cmore Knife,Sankui,2, Ä 50.00 
419,Royall,Rosettini,Male,28-03-2022,Cmore Knife,Pedro Santana,1, Ä 50.00 
420,Eleen,Minichillo,Female,17-01-2022,Cmore Knife,Capalayan,1, Ä 50.00 
421,Shara,Cantwell,Female,10-06-2022,Cmore Knife,Krajan,1, Ä 50.00 
422,Winny,Reyner,Male,15-04-2022,Cmore Knife,Parumasan,3, Ä 50.00 
423,Micheline,Eastabrook,Female,16-10-2021,Cmore Knife,Quellouno,1, Ä 50.00 
424,Freeman,Eslemont,Male,21-07-2022,Cmore Knife,Fojo,2, Ä 50.00 
425,Cathleen,Levick,Female,01-04-2022,Cmore Knife,Skrunda,1, Ä 50.00 
426,Irena,Marshman,Female,18-01-2022,Cmore Knife,Aleshtar,2, Ä 50.00 
427,Paola,Tully,Female,28-01-2022,Cmore Knife,Changqi,3, Ä 50.00 
428,Launce,Aysh,Male,21-08-2022,Cmore Knife,Huarong Chengguanzhen,3, Ä 50.00 
429,Sascha,Emanuelov,Female,09-10-2021,Cmore Knife,Balut,3, Ä 50.00 
430,Keenan,Iacivelli,Male,24-12-2021,Cmore Knife,Guohe,2, Ä 50.00 
431,Marcia,Shelmerdine,Female,20-03-2022,Cmore Knife,Rokytnice,1, Ä 50.00 
432,Drusi,Woan,Female,08-10-2021,Cmore Knife,Sande S√£o Martinho,1, Ä 50.00 
433,Dennie,Denisot,Female,29-12-2021,Cmore Knife,Turochak,3, Ä 50.00 
434,Malia,Wharlton,Female,12-09-2022,Cmore Knife,Tangkeng,1, Ä 50.00 
435,Rozelle,Scothron,Female,30-09-2022,Cmore Knife,Geyuan,3, Ä 50.00 
436,Odey,Sillars,Male,12-10-2021,Cmore Knife,Lahar,3, Ä 50.00 
437,Claudetta,Ryce,Female,16-03-2022,Cmore Knife,Fanzeres,2, Ä 50.00 
438,Wini,Eudall,Female,26-03-2022,Cmore Knife,Gubengairlangga,2, Ä 50.00 
439,Llywellyn,Mulles,Male,12-01-2022,Cmore Knife,Limbe,3, Ä 50.00 
440,Raul,Polden,Male,14-07-2022,Cmore Knife,Colombo,3, Ä 50.00 
441,Abra,Iddison,Non-binary,10-05-2022,Cmore Knife,Xinjie,3, Ä 50.00 
442,Tristan,MacFadden,Genderqueer,26-11-2021,Cmore Knife,Gusev,2, Ä 50.00 
443,Justis,Lattey,Male,18-09-2022,Cmore Knife,–ê—Ä–∞—á–∏–Ω–æ–≤–æ,2, Ä 50.00 
444,Rey,Heape,Female,12-03-2022,Cmore Knife,√âvodoula,3, Ä 50.00 
445,Chance,Jeal,Male,05-02-2022,Cmore Knife,San Pedro Carch√°,2, Ä 50.00 
446,Loni,Whild,Female,16-10-2021,Cmore Knife,Sotnikovskoye,1, Ä 50.00 
447,Willem,St Quenin,Male,20-07-2022,Cmore Knife,Osveya,2, Ä 50.00 
448,Oralie,Japp,Female,08-02-2022,Cmore Knife,Enskededalen,1, Ä 50.00 
449,Redford,Shakespeare,Male,03-12-2021,Cmore Knife,Bacnotan,3, Ä 50.00 
450,Ellary,Notman,Male,14-12-2021,Cmore Knife,Feicheng,1, Ä 50.00 
451,Gui,Siddle,Genderqueer,14-12-2021,Cmore Ice Ski,Winong,1, Ä 850.00 
452,Katuscha,Blancowe,Female,07-08-2022,Cmore Ice Ski,Qingshan,1, Ä 850.00 
453,Marve,Batham,Male,13-02-2022,Cmore Ice Ski,Refojos,2, Ä 850.00 
454,Freida,Garter,Non-binary,17-01-2022,Cmore Ice Ski,Navashino,1, Ä 850.00 
455,Devan,Shayes,Female,04-10-2022,Cmore Ice Ski,Czerwie≈Ñsk,3, Ä 850.00 
456,Evanne,Maine,Female,31-10-2021,Cmore Ice Ski,Chagang,2, Ä 850.00 
457,Moise,Wytchard,Male,07-01-2022,Cmore Ice Ski,Volokolamsk,1, Ä 850.00 
458,Orren,Whicher,Male,11-11-2021,Cmore Ice Ski,Pangani,2, Ä 850.00 
459,Dulciana,Ashling,Polygender,01-02-2022,Cmore Ice Ski,Sundsvall,2, Ä 850.00 
460,Marielle,Arrault,Female,17-02-2022,Cmore Ice Ski,Gandiaye,3, Ä 850.00 
461,Brenda,Cressey,Bigender,03-06-2022,Cmore Ice Ski,Camalote,1, Ä 850.00 
462,Gayler,Vivian,Polygender,08-03-2022,Cmore Ice Ski,Bafoulab√©,2, Ä 850.00 
463,Roscoe,Orrah,Male,10-12-2021,Cmore Ice Ski,Ronneby,3, Ä 850.00 
464,Westleigh,Houlden,Male,18-02-2022,Cmore Ice Ski,Aldeia do Bispo,3, Ä 850.00 
465,Nichole,Verdie,Female,02-11-2021,Cmore Ice Ski,Longguang,2, Ä 850.00 
466,Elisabeth,Looby,Female,05-03-2022,Cmore Ice Ski,Sz√©kesfeh√©rv√°r,2, Ä 850.00 
467,Melodee,McGeechan,Female,13-02-2022,Cmore Ice Ski,Vestmanna,3, Ä 850.00 
468,Guthry,Whardley,Bigender,27-11-2021,Cmore Ice Ski,Kyjov,3, Ä 850.00 
469,Lorant,Elderton,Male,22-06-2022,Cmore Ice Ski,Candi,2, Ä 850.00 
470,Tove,Engelmann,Female,05-02-2022,Cmore Ice Ski,Kolomak,2, Ä 850.00 
471,Tersina,Everiss,Female,27-05-2022,Cmore Ice Ski,Tagog,1, Ä 850.00 
472,Kerby,Phipson,Male,28-08-2022,Cmore Ice Ski,Catac,2, Ä 850.00 
473,Chrysler,Bowell,Female,06-06-2022,Cmore Ice Ski,Say·∏©≈´t,1, Ä 850.00 
474,Frasquito,Simonot,Male,10-12-2021,Cmore Ice Ski,Babao,3, Ä 850.00 
475,Ilene,Faircley,Genderfluid,11-01-2022,Cmore Ice Ski,Sitularang Landeuh,2, Ä 850.00 
476,Ellis,Scole,Male,23-07-2022,Cmore Ice Ski,Brunflo,3, Ä 850.00 
477,Sileas,Colwill,Bigender,22-10-2021,Cmore Ice Ski,Khodasy,1, Ä 850.00 
478,Sarina,Veitch,Female,25-06-2022,Cmore Ice Ski,Zhanjiang,1, Ä 850.00 
479,Heddi,Goad,Female,31-10-2021,Cmore Ice Ski,Vila Nova de Santo Andr√©,1, Ä 850.00 
480,Scottie,De Caville,Male,22-12-2021,Cmore Ice Ski,Gosty≈Ñ,3, Ä 850.00 
481,Marcelline,Topham,Female,31-10-2021,Cmore Ice Ski,San Jorge,1, Ä 850.00 
482,Sherye,Lace,Female,30-10-2021,Cmore Ice Ski,Roissy Charles-de-Gaulle,2, Ä 850.00 
483,Pinchas,Ledgard,Male,20-11-2021,Cmore Ice Ski,Preston,3, Ä 850.00 
484,Algernon,Jacks,Male,02-09-2022,Cmore Ice Ski,Zouila,2, Ä 850.00 
485,Shay,Braddon,Female,04-05-2022,Cmore Ice Ski,Passos,3, Ä 850.00 
486,Catriona,Hallick,Female,07-12-2021,Cmore Ice Ski,Taraju,2, Ä 850.00 
487,Erin,Gammon,Male,08-02-2022,Cmore Ice Ski,Jiangchuan,3, Ä 850.00 
488,Karlene,Kuhnel,Female,11-01-2022,Cmore Ice Ski,Urcos,2, Ä 850.00 
489,Alisa,Laundon,Female,31-08-2022,Cmore Ice Ski,Pathum Thani,1, Ä 850.00 
490,Ferdinande,Mewis,Female,19-06-2022,Cmore Ice Ski,Kiukasen,1, Ä 850.00 
491,Delia,Heatley,Female,14-08-2022,Cmore Ice Ski,Duma,3, Ä 850.00 
492,Pet,Lander,Bigender,29-04-2022,Cmore Ice Ski,Santa Cruz,2, Ä 850.00 
493,Arlen,Downse,Genderfluid,02-06-2022,Cmore Ice Ski,Sorochuco,1, Ä 850.00 
494,Andrea,Dran,Male,12-07-2022,Cmore Ice Ski,Kinango,1, Ä 850.00 
495,Kissiah,MacGibbon,Female,24-08-2022,Cmore Ice Ski,Santo √Çngelo,3, Ä 850.00 
496,Rebecca,Marle,Female,17-09-2022,Cmore Ice Ski,Matur√≠n,1, Ä 850.00 
497,Mabelle,Mandry,Female,26-10-2021,Cmore Ice Ski,Luci,3, Ä 850.00 
498,Suzann,Le Teve,Female,16-04-2022,Cmore Ice Ski,Ciakar,1, Ä 850.00 
499,Dory,Shrieve,Non-binary,05-12-2021,Cmore Ice Ski,Saint-Ouen,3, Ä 850.00 
500,Hali,Stansbury,Female,12-12-2021,Cmore Ice Ski,√ñrbyhus,3, Ä 850.00 
